{"cameraMode":{"drawMode":0,"name":"Shaded","section":"Shading Mode"},"sceneLighting":false,"audioPlay":false,"sceneViewState":{"m_AlwaysRefresh":false,"showFog":true,"showSkybox":false,"showFlares":true,"showImageEffects":true,"showParticleSystems":true,"showVisualEffectGraphs":true,"m_FxEnabled":true},"in2DMode":false,"pivot":{"x":3.8942947387695314,"y":1.488084316253662,"z":112.90693664550781},"rotation":{"x":0.004633694421499968,"y":0.03433559834957123,"z":0.00029663124587386847,"w":0.9994051456451416},"size":13.185538291931153,"orthographic":true}